{"episode_types": ["t", "t", "t", "t", "t", "t", "t", "t", "t", "t", "t", "t", "t", "t", "t", "t", "t", "t", "t", "t", "t", "t", "t", "t", "t", "t", "t", "t", "t", "t", "t", "t", "t", "t", "t", "t", "t", "t", "t", "t", "t", "t", "t", "t", "t", "t", "t", "t", "t", "t", "t", "t", "t", "t", "t", "t", "t", "t", "t", "t", "t", "t", "t", "t", "t", "t", "t", "t", "t", "t"], "episode_lengths": [22, 22, 17, 26, 27, 31, 19, 29, 22, 18, 18, 21, 23, 21, 20, 23, 26, 28, 19, 27, 29, 21, 17, 24, 26, 29, 21, 22, 21, 30, 20, 18, 31, 18, 27, 22, 27, 23, 21, 24, 24, 29, 25, 20, 24, 26, 20, 20, 18, 25, 30, 29, 21, 29, 18, 29, 20, 27, 21, 31, 18, 18, 26, 21, 24, 18, 23, 25, 25, 19], "timestamps": [1526363481.8498528, 1526363483.6167789, 1526363484.118106, 1526363484.7345304, 1526363485.3679276, 1526363486.0677595, 1526363486.5677726, 1526363487.2343972, 1526363488.6837106, 1526363489.2514248, 1526363489.7346857, 1526363490.2683172, 1526363490.8347635, 1526363491.3683853, 1526363491.8845823, 1526363492.451488, 1526363493.0683906, 1526363493.7179885, 1526363494.218373, 1526363494.8514647, 1526363495.5183523, 1526363496.0515141, 1526363496.5017128, 1526363497.085012, 1526363497.7018774, 1526363498.3685877, 1526363498.901436, 1526363500.4344628, 1526363501.0682998, 1526363501.7515078, 1526363502.2683222, 1526363502.7515855, 1526363503.4849775, 1526363503.9685128, 1526363504.602, 1526363505.1518743, 1526363505.7851822, 1526363506.3520243, 1526363506.8853266, 1526363507.4687107, 1526363508.051961, 1526363508.7187347, 1526363509.3186347, 1526363509.8354516, 1526363510.4184325, 1526363511.0352433, 1526363511.5523467, 1526363512.0687413, 1526363512.5522156, 1526363513.1520236, 1526363513.835348, 1526363514.5020301, 1526363515.035298, 1526363515.702069, 1526363516.1853714, 1526363516.8524659, 1526363517.3687873, 1526363518.0020607, 1526363518.5355291, 1526363519.2359185, 1526363519.7187855, 1526363520.202229, 1526363520.8187997, 1526363521.3524985, 1526363523.0852017, 1526363523.668987, 1526363524.2357752, 1526363524.8361065, 1526363525.435882, 1526363525.935885], "episode_rewards": [22.0, 22.0, 17.0, 26.0, 27.0, 31.0, 19.0, 29.0, 22.0, 18.0, 18.0, 21.0, 23.0, 21.0, 20.0, 23.0, 26.0, 28.0, 19.0, 27.0, 29.0, 21.0, 17.0, 24.0, 26.0, 29.0, 21.0, 22.0, 21.0, 30.0, 20.0, 18.0, 31.0, 18.0, 27.0, 22.0, 27.0, 23.0, 21.0, 24.0, 24.0, 29.0, 25.0, 20.0, 24.0, 26.0, 20.0, 20.0, 18.0, 25.0, 30.0, 29.0, 21.0, 29.0, 18.0, 29.0, 20.0, 27.0, 21.0, 31.0, 18.0, 18.0, 26.0, 21.0, 24.0, 18.0, 23.0, 25.0, 25.0, 19.0], "initial_reset_timestamp": 1526363480.082587}